0,test_mae,fit_time,test_time,weighted_sum
BaselineOnly,0.7229489130711628,3.0180039405822754,3.621703624725342,5.478823636693235
NormalPredictor,1.2065937649828384,0.7114139795303345,3.777137875556946,5.847572810035059
SVD,0.7118739222961926,5.836786270141602,3.737929344177246,6.913253994741077
SVDpp,0.693013832665589,158.44407558441162,96.19879376888275,129.39100826076302
