0,test_mae,fit_time,test_time,weighted_sum
BaselineOnly,0.7227437662334624,2.924688458442688,3.256216049194336,5.2478473088877875
NormalPredictor,1.2072401584569739,0.6883236169815063,3.878232717514038,5.886898246476259
SVD,0.7115202000980889,5.317864775657654,3.8287062644958496,6.697178153939567
SVDpp,0.6925528552125242,145.36026740074158,83.707200050354,116.60100870599635
