0,test_mae,fit_time,test_time,weighted_sum
BaselineOnly,0.7229332015345995,2.768587589263916,3.018280029296875,5.051857279611573
NormalPredictor,1.2069291374423288,0.6484657526016235,3.429993987083435,5.6426944385636935
SVD,0.7110446873405188,5.00498354434967,3.5900219678878784,6.420431317640398
SVDpp,0.6933640115911935,129.89052939414978,82.8054918050766,108.41815090154506
